{"stats":{"minecraft:mined":{"minecraft:short_grass":12,"minecraft:grass_block":12,"minecraft:tall_grass":14,"minecraft:oak_leaves":2},"minecraft:dropped":{"minecraft:beef":1},"minecraft:custom":{"minecraft:time_since_rest":5832,"minecraft:crouch_one_cm":65,"minecraft:play_time":5832,"minecraft:sprint_one_cm":19359,"minecraft:damage_taken":30,"minecraft:walk_one_cm":4585,"minecraft:sneak_time":21,"minecraft:walk_under_water_one_cm":94,"minecraft:mob_kills":1,"minecraft:drop":1,"minecraft:jump":201,"minecraft:damage_dealt":100,"minecraft:leave_game":1,"minecraft:time_since_death":5832,"minecraft:walk_on_water_one_cm":1417,"minecraft:total_world_time":5832,"minecraft:fall_one_cm":7822,"minecraft:fly_one_cm":37252},"minecraft:used":{"minecraft:dirt":12},"minecraft:picked_up":{"minecraft:wheat_seeds":2,"minecraft:beef":1,"minecraft:dirt":12},"minecraft:killed":{"minecraft:cow":1}},"DataVersion":3837}